{
  "параметры": {
    "N_in": 12,
    "N_bits": 8,
    "N_cross": 3,
    "N_visible": 96,
    "delta": 0.05,
    "lr": 0.01,
    "batch_size": 32,
    "max_iter": 5000,
    "hinton_k": 1,
    "N_avg": 500
  },
  "сравнение_архитектур": {
    "Hid=32 (3200 пар.)": {
      "final_recon_error": 0.011695428943823088,
      "min_recon_error": 0.009678242409884751,
      "n_hidden": 32
    },
    "Hid=64 (6304 пар.)": {
      "final_recon_error": 0.007137024856333872,
      "min_recon_error": 0.006195038211144902,
      "n_hidden": 64
    },
    "Hid=128 (12512 пар.)": {
      "final_recon_error": 0.004521356733551066,
      "min_recon_error": 0.004299013883098866,
      "n_hidden": 128
    }
  }
}