{
  "параметры": {
    "N_in": 12,
    "N_out": 10,
    "N_cross": 5,
    "delta": 0.05,
    "lr": 0.01,
    "batch_size": 32,
    "max_iter": 8000
  },
  "сравнение_архитектур": {
    "Hid=5 (125 пар.)": {
      "RMSE_test": 0.03756140566087584,
      "best_E_test": 0.2962804309963839
    },
    "Hid=10 (240 пар.)": {
      "RMSE_test": 0.03852157610826088,
      "best_E_test": 0.3116214834315525
    },
    "Hid=20 (470 пар.)": {
      "RMSE_test": 0.03702712405253121,
      "best_E_test": 0.28791166227632237
    }
  }
}