{
  "параметры": {
    "N_in": 12,
    "N_out": 6,
    "N_cross": 3,
    "delta": 0.05,
    "lr": 0.01,
    "max_iter": 10000,
    "размер_W": "13x6",
    "всего_параметров": 78
  },
  "метрики": {
    "E_train_analytical": 3.0190213104379575,
    "E_train_numerical": 3.687534087493754,
    "RMSE_train": 0.048833318320886554
  },
  "эксперименты_lambda": {
    "0.001": 4.215471493701441,
    "0.005": 3.2814479078612386,
    "0.01": 3.101776936887237,
    "0.05": 35.819754869982745,
    "0.1": 88.61372878612255,
    "0.5": 271.7744660611877
  }
}