{
  "method1_mnk_full": {
    "params": [
      40.99192566562638,
      2.3426078117246933,
      7.0908497333222185,
      -9.400545507861784,
      1.9825963555826047,
      9.935823118373092,
      6.471618367574031,
      1.0066648057634209,
      28.985905921719862,
      0.5609024110231923,
      0.6721338038824899,
      50.95974949810897,
      -4.536929887942452,
      -0.5023285610077943,
      101.31313176111257,
      1.7867850911265426
    ],
    "E": 982.9599810901144,
    "metrics": {
      "MSE": 3.9318399243604576,
      "RMSE": 1.9828867653904136,
      "MAE": 1.5546639531147297,
      "R²": 0.5768617386104258,
      "MAPE": 3.831929497883716
    }
  },
  "method2_optimality_full": {
    "params": [
      42.74562154319663,
      2.8297565865970564,
      3.671760366710238,
      0.761090678075559,
      3.88588760082494,
      7.893658141544738,
      1.5923115462297597,
      0.41624265366505586,
      25.539959459359938,
      0.28364435380208314,
      0.7893191360111789,
      44.453451754926036,
      0.0032401992706582866,
      0.6580612604843922,
      104.87249478110286,
      0.2851245144382104
    ],
    "E": 1282.9164663693546,
    "metrics": {
      "MSE": 5.1316658654774185,
      "RMSE": 2.265318049519188,
      "MAE": 1.8135897809098345,
      "R²": 0.44773840895785355,
      "MAPE": 4.535635381812191
    }
  },
  "method1_mnk_test": {
    "metrics": {
      "MSE": 14.026319850491126,
      "RMSE": 3.7451728732451226,
      "MAE": 3.6505508813851915,
      "R²": -22.995148407431685,
      "MAPE": 10.6489166747673
    }
  },
  "method2_optimality_test": {
    "metrics": {
      "MSE": 4.9697494517510075,
      "RMSE": 2.22929348712793,
      "MAE": 2.077090180315118,
      "R²": -7.501864845064274,
      "MAPE": 6.05357718572438
    }
  }
}