{
  "method1_mnk_full": {
    "params": [
      40.98520068603659,
      1.2173439355047952,
      19.403722585173846,
      -2.8343027702644594,
      1.15022434584154,
      36.123339211002964,
      0.6053343589738162,
      0.6990876128903943,
      53.5537374513954,
      0.6531939430205967,
      0.5125462771987733,
      76.25409104845718,
      3.145344474298787,
      -0.5383845689123686,
      100.67494978309468,
      2.0324378158922025
    ],
    "E": 1821.7133759059625,
    "metrics": {
      "MSE": 7.28685350362385,
      "RMSE": 2.6994172525980216,
      "MAE": 2.051476439082607,
      "R²": 0.21580059670779916,
      "MAPE": 5.1024245795637135
    }
  },
  "method2_optimality_full": {
    "params": [
      41.149840298230494,
      3.8056830278015883,
      17.20388152435833,
      -0.6900341706583255,
      2.285524851281657,
      35.398922255927694,
      1.188642663462085,
      1.4900456650919833,
      52.67992037051217,
      1.0762059196247746,
      0.7702144851675302,
      78.60488570339574,
      0.3907987166312539,
      0.48787888844264926,
      104.78599062237602,
      0.2601380736916329
    ],
    "E": 3338.274655347954,
    "metrics": {
      "MSE": 13.353098621391817,
      "RMSE": 3.6541891879583654,
      "MAE": 2.938659010962059,
      "R²": -0.43703890379980304,
      "MAPE": 7.124287842545623
    }
  },
  "method1_mnk_test": {
    "metrics": {
      "MSE": 30.23511248813583,
      "RMSE": 5.498646423269624,
      "MAE": 5.334414514712189,
      "R²": -50.723903276225904,
      "MAPE": 15.537801599506611
    }
  },
  "method2_optimality_test": {
    "metrics": {
      "MSE": 12.84350223254832,
      "RMSE": 3.5837832290120897,
      "MAE": 3.485769246689756,
      "R²": -20.97167506702667,
      "MAPE": 10.166083649221475
    }
  }
}