{
  "method1_full": {
    "params": [
      40.926046032765456,
      0.6194855544294534,
      84.39376746448124,
      1.584203231605195,
      0.3381225503386877,
      79.91034591195913,
      0.5252998059132016,
      0.47106619565660535,
      101.52130209044086,
      -1.8094758665232251,
      0.7006792122990487,
      53.37986865458248,
      0.7889605842904002,
      1.2289859741801983,
      31.541843536091427,
      -1.6498236400994202
    ],
    "E": 2004.687759184394,
    "metrics": {
      "MSE": 8.018751036737576,
      "RMSE": 2.8317399309854667,
      "MAE": 2.2489681001559076,
      "R²": 0.13703496645965674,
      "MAPE": 5.632083981922993
    }
  },
  "method2_full": {
    "params": [
      40.9350760565615,
      0.43839496937431244,
      86.87908395046097,
      -0.023827990353717354,
      0.10021617079724174,
      80.0586669390079,
      0.02540007942664139,
      0.5113564930953751,
      98.45399952231084,
      0.45261036337523286,
      0.7066237382284855,
      53.92104992058136,
      0.40237219724718354,
      1.1979833888431801,
      30.216395016441766,
      -0.4582273470860231
    ],
    "E": 2028.7820558673322,
    "metrics": {
      "MSE": 8.115128223469329,
      "RMSE": 2.848706412298278,
      "MAE": 2.2353807372120547,
      "R²": 0.12666300930579943,
      "MAPE": 5.593693579009252
    }
  },
  "method1_test": {
    "metrics": {
      "MSE": 60.50785830568718,
      "RMSE": 7.778679727671475,
      "MAE": 7.6505402013012205,
      "R²": -102.51218675581353,
      "MAPE": 22.280262239938594
    }
  },
  "method2_test": {
    "metrics": {
      "MSE": 52.86336692924529,
      "RMSE": 7.270719835700265,
      "MAE": 7.176686239850855,
      "R²": -89.4345792983854,
      "MAPE": 20.905643824498284
    }
  }
}