{
  "metrics_full": {
    "M1": {
      "MSE": 1.216055351687126,
      "RMSE": 1.102748997590624,
      "MAE": 0.8726377669030788,
      "R\u00b2": 0.8691300873979313,
      "MAPE": 2.1366594309418443
    },
    "M2": {
      "MSE": 1.2983678105229397,
      "RMSE": 1.13945943785768,
      "MAE": 0.9053893147915653,
      "R\u00b2": 0.8602717535408752,
      "MAPE": 2.2218928761734276
    }
  },
  "metrics_test": {
    "M1": {
      "MSE": 29.769467932245973,
      "RMSE": 5.4561403878791435,
      "MAE": 5.326052917295192,
      "R\u00b2": -49.92731441023776,
      "MAPE": 15.538529680485807
    },
    "M2": {
      "MSE": 29.81037025112591,
      "RMSE": 5.459887384472862,
      "MAE": 5.328797371691089,
      "R\u00b2": -49.99728694916413,
      "MAPE": 15.547034664685274
    }
  }
}