{
  "metrics_full": {
    "M1": {
      "MSE": 1.2160553430585306,
      "RMSE": 1.1027489936783124,
      "MAE": 0.8726377619509522,
      "R\u00b2": 0.8691300883265267,
      "MAPE": 2.1366594183362713
    },
    "M2": {
      "MSE": 1.295937745163472,
      "RMSE": 1.138392614682418,
      "MAE": 0.9052269450579836,
      "R\u00b2": 0.860533273249472,
      "MAPE": 2.220682498423127
    }
  },
  "metrics_test": {
    "M1": {
      "MSE": 29.769467932245973,
      "RMSE": 5.4561403878791435,
      "MAE": 5.326052917295192,
      "R\u00b2": -49.92731441023776,
      "MAPE": 15.538529680485807
    },
    "M2": {
      "MSE": 29.81032303722,
      "RMSE": 5.459883060764214,
      "MAE": 5.32879297243368,
      "R\u00b2": -49.99720617924791,
      "MAPE": 15.547021888429716
    }
  },
  "params": {
    "M1": [
      41.032041285601814,
      2.9776280771010155,
      6.807488888359663,
      2.5982201852090623,
      1.0462694062295115,
      18.42424368073703,
      -2.6031320529270014,
      1.782785570273936,
      10.372046137899328,
      -0.7674348203075236,
      1.0152991359609762,
      31.558570441945612,
      -1.4727728971499747,
      0.9865639291941279,
      36.652588116756725,
      0.17489357676693318
    ],
    "M2": [
      41.30505178517262,
      3.3263089946199824,
      7.830223088439401,
      1.9289652460150775,
      1.1570816242130213,
      18.660074982877262,
      -2.7806009642070406,
      1.4975218502341456,
      10.92452516893889,
      -1.4824746085888534,
      0.917081541798531,
      31.037095039311456,
      -1.30185962387546,
      0.8707442627473436,
      37.22546506007317,
      -0.07286397822289085
    ]
  }
}